<?xml version="1.0" encoding="UTF-8"?>
<project-private xmlns="http://www.netbeans.org/ns/project-private/1">
    <editor-bookmarks xmlns="http://www.netbeans.org/ns/editor-bookmarks/2" lastBookmarkId="0"/>
    <open-files xmlns="http://www.netbeans.org/ns/projectui-open-files/2">
        <group>
            <file>file:/C:/Users/tyler/Documents/GitHub/HomeWork/CITP290/Module%202%20Milestone/web/index.html</file>
            <file>file:/C:/Users/tyler/Documents/GitHub/HomeWork/CITP290/Module%202%20Milestone/src/java/Module2Milestone/Product.java</file>
            <file>file:/C:/Users/tyler/Documents/GitHub/HomeWork/CITP290/Module%202%20Milestone/src/java/Module2Milestone/InventoryManager.java</file>
            <file>file:/C:/Users/tyler/Documents/GitHub/HomeWork/CITP290/Module%202%20Milestone/web/inventoryForm.html</file>
            <file>file:/C:/Users/tyler/Documents/GitHub/HomeWork/CITP290/Module%202%20Milestone/src/java/Module2Milestone/InventoryServlet.java</file>
        </group>
    </open-files>
</project-private>
