<?xml version="1.0" encoding="UTF-8"?>
<project-private xmlns="http://www.netbeans.org/ns/project-private/1">
    <editor-bookmarks xmlns="http://www.netbeans.org/ns/editor-bookmarks/2" lastBookmarkId="0"/>
    <open-files xmlns="http://www.netbeans.org/ns/projectui-open-files/2">
        <group>
            <file>file:/C:/Users/tyler/Documents/GitHub/HomeWork/CITP%20190/BoxGridApp/src/boxgridapp/Box.java</file>
            <file>file:/C:/Users/tyler/Documents/GitHub/HomeWork/CITP%20190/BoxGridApp/src/boxgridapp/Vector.java</file>
            <file>file:/C:/Users/tyler/Documents/GitHub/HomeWork/CITP%20190/BoxGridApp/src/boxgridapp/Grid.java</file>
            <file>file:/C:/Users/tyler/Documents/GitHub/HomeWork/CITP%20190/BoxGridApp/src/boxgridapp/BoxGridApp.java</file>
        </group>
    </open-files>
</project-private>
