<?xml version="1.0" encoding="UTF-8"?>
<project-private xmlns="http://www.netbeans.org/ns/project-private/1">
    <editor-bookmarks xmlns="http://www.netbeans.org/ns/editor-bookmarks/2" lastBookmarkId="0"/>
    <open-files xmlns="http://www.netbeans.org/ns/projectui-open-files/2">
        <group>
            <file>file:/C:/Users/tyler/Documents/GitHub/HomeWork/CITP290/Module%203%20Milestone/src/java/Module3Milestone/UserServlet.java</file>
            <file>file:/C:/Users/tyler/Documents/GitHub/HomeWork/CITP290/Module%203%20Milestone/src/java/Module3Milestone/Product.java</file>
            <file>file:/C:/Users/tyler/Documents/GitHub/HomeWork/CITP290/Module%203%20Milestone/web/users.jsp</file>
            <file>file:/C:/Users/tyler/Documents/GitHub/HomeWork/CITP290/Module%203%20Milestone/src/java/Module3Milestone/InventoryServlet.java</file>
            <file>file:/C:/Users/tyler/Documents/GitHub/HomeWork/CITP290/Module%203%20Milestone/src/java/Module3Milestone/DataAccessObjectFactory.java</file>
            <file>file:/C:/Users/tyler/Documents/GitHub/HomeWork/CITP290/Module%203%20Milestone/src/java/Module3Milestone/DataAccessObject.java</file>
            <file>file:/C:/Users/tyler/Documents/GitHub/HomeWork/CITP290/Module%203%20Milestone/src/java/Module3Milestone/FileProductDao.java</file>
            <file>file:/C:/Users/tyler/Documents/GitHub/HomeWork/CITP290/Module%203%20Milestone/src/java/Module3Milestone/FileUserDao.java</file>
            <file>file:/C:/Users/tyler/Documents/GitHub/HomeWork/CITP290/Module%203%20Milestone/web/inventory.jsp</file>
            <file>file:/C:/Users/tyler/Documents/GitHub/HomeWork/CITP290/Module%203%20Milestone/src/java/Module3Milestone/User.java</file>
        </group>
    </open-files>
</project-private>
